file_type,count,expect_random,expect_nextgen,chi_squared,nfixed,showmotif,num,othernum,overlap,ep,ab,nseqs,v_rep_counts,j_rep_counts
MOTIF,15,0.24,0.20145044319097502,870.25,8,^...a.GSnf.v.f,1,1,0,PA,A,50,"TRAV6D-6*01:11,TRAV21/DV12*01:4","TRAJ53*01:11,TRAJ33*01:4"
MOTIF,19,0.56,0.523771152296535,607.2028571428572,6,^.....GSn..v.f,2,1,78,PA,A,50,"TRAV6D-6*01:12,TRAV21/DV12*01:6,TRAV7-2*01:1","TRAJ53*01:14,TRAJ33*01:4,TRAJ31*01:1"
MOTIF,13,0.28,0.16116035455278002,577.8514285714285,7,^..v...SNf.v.F,3,2,100,PA,A,50,"TRAV6D-6*01:8,TRAV21/DV12*01:5",TRAJ53*01:13
MOTIF,12,0.08,0.16116035455278002,552.25,5,A.G.G.n..L,4,1,83,PA,A,50,"TRAV6D-6*01:11,TRAV4D-3*03:1","TRAJ53*01:7,TRAJ33*01:4,TRAJ56*01:1"
MOTIF,11,0.12,0.12087026591458501,462.25,6,^..va....Ykv,5,1,90,PA,A,50,"TRAV6D-6*01:7,TRAV21/DV12*01:3,TRAV13-2*01:1","TRAJ53*01:10,TRAJ30*01:1"
MOTIF,10,0.24,0.08058017727639001,380.25,7,^..LaaG.N..L,6,1,90,PA,A,50,"TRAV6D-6*01:7,TRAV21/DV12*01:3","TRAJ53*01:8,TRAJ56*01:1,TRAJ33*01:1"
MOTIF,10,0.24,0.24174053182917002,380.25,7,^..v.G.a.fk.s,7,2,100,PA,A,50,"TRAV6D-6*01:5,TRAV21/DV12*01:5",TRAJ53*01:10
MOTIF,14,0.56,0.5640612409347301,320.0440612409347,6,^....aG.N..L.f,8,2,92,PA,A,50,"TRAV6D-6*01:8,TRAV21/DV12*01:6","TRAJ53*01:12,TRAJ56*01:1,TRAJ33*01:1"
MOTIF,14,0.6,0.523771152296535,299.2666666666667,4,^....GGa,9,2,78,PA,A,50,"TRAV21/DV12*01:6,TRAV6D-6*01:5,TRAV4D-3*03:1","TRAJ53*01:12,TRAJ56*01:2"
MOTIF,19,2.16,2.1353746978243353,131.28962962962962,4,^....aGa,10,8,73,PA,A,50,"TRAV6D-6*01:9,TRAV21/DV12*01:7,TRAV4D-3*03:1","TRAJ53*01:13,TRAJ56*01:3,TRAJ50*01:1"
MOTIF,30,4.84,6.083803384367446,94.01757821880453,3,^.....Ga,11,2,63,PA,A,50,"TRAV6D-6*01:14,TRAV21/DV12*01:11,TRAV7-2*01:1","TRAJ53*01:15,TRAJ56*01:7,TRAJ33*01:4"
MOTIF,17,2.92,2.4576954069298953,67.89260273972603,3,^.......N.k,12,11,94,PA,A,50,"TRAV6D-6*01:9,TRAV21/DV12*01:6,TRAV7-2*01:1","TRAJ53*01:14,TRAJ56*01:1,TRAJ40*01:1"
MOTIF,10,0.36,1.36986301369863,54.369863013698634,3,GA.a,13,11,80,PA,A,50,"TRAV21/DV12*01:4,TRAV6D-6*01:2,TRAV6-7/DV9*02:2","TRAJ56*01:6,TRAJ15*01:2,TRAJ53*01:1"
MOTIF,24,0.32,0.28,1752.32,6,^.ass.G.....$,1,1,0,PA,B,50,"TRBV29*01:21,TRBV19*01:3","TRBJ1-5*01:8,TRBJ2-7*01:5,TRBJ1-4*01:3"
MOTIF,16,0.28,0.24,882.5657142857142,6,^..as.G...fF,2,1,100,PA,B,50,"TRBV29*01:13,TRBV19*01:3","TRBJ2-7*01:5,TRBJ1-4*01:3,TRBJ1-1*01:3"
MOTIF,11,0.28,0.12,410.4228571428572,7,^..as...aaLf,3,1,72,PA,B,50,TRBV29*01:11,"TRBJ1-5*01:8,TRBJ2-4*01:3"
MOTIF,10,0.08,0.08,380.25,7,^..as.G.a.vF,4,1,80,PA,B,50,TRBV29*01:10,"TRBJ1-5*01:8,TRBJ1-1*01:2"
MOTIF,10,0.2,0.12,380.25,5,^...s.G..v.F,5,1,80,PA,B,50,"TRBV29*01:9,TRBV19*01:1","TRBJ1-1*01:5,TRBJ1-4*01:3,TRBJ2-3*01:2"
MOTIF,15,0.56,0.2,372.3457142857142,6,^..as...a.Lf,6,3,73,PA,B,50,TRBV29*01:15,"TRBJ1-5*01:8,TRBJ2-4*01:3,TRBJ2-2*01:3"
MOTIF,10,0.24,0.32,292.82,5,ss..G...F$,7,1,60,PA,B,50,TRBV29*01:10,"TRBJ1-1*01:5,TRBJ2-7*01:3,TRBJ2-2*01:1"
MOTIF,10,0.32,0.2,292.82,5,aS..GE..f,8,1,90,PA,B,50,"TRBV29*01:9,TRBV19*01:1","TRBJ2-7*01:3,TRBJ1-4*01:3,TRBJ2-3*01:2"
MOTIF,18,1.16,1.08,244.47034482758622,5,aS...a.vf,9,6,72,PA,B,50,TRBV29*01:18,"TRBJ1-5*01:6,TRBJ1-1*01:5,TRBJ2-2*01:4"
MOTIF,11,0.48,0.28,230.5633333333333,6,^..as...a.v.f,10,9,72,PA,B,50,"TRBV29*01:10,TRBV2*01:1","TRBJ1-1*01:4,TRBJ2-4*01:3,TRBJ2-2*01:3"
MOTIF,10,0.4,0.36,230.39999999999998,5,A.sv....f.$,11,1,90,PA,B,50,"TRBV29*01:7,TRBV19*01:3","TRBJ2-7*01:4,TRBJ1-1*01:3,TRBJ1-4*01:2"
MOTIF,19,1.36,0.76,228.80117647058822,5,^..as...a.v,12,6,78,PA,B,50,"TRBV29*01:18,TRBV2*01:1","TRBJ1-5*01:8,TRBJ1-1*01:4,TRBJ2-4*01:3"
MOTIF,12,0.6,0.56,216.60000000000002,5,aS...a.v..$,13,9,100,PA,B,50,TRBV29*01:12,"TRBJ1-1*01:5,TRBJ2-2*01:4,TRBJ2-4*01:3"
MOTIF,12,0.6,0.64,201.64,5,Sa..a.vf,14,9,100,PA,B,50,TRBV29*01:12,"TRBJ1-5*01:4,TRBJ1-1*01:4,TRBJ2-4*01:3"
MOTIF,11,0.6,0.24,180.26666666666668,5,aS..aE..F,15,1,81,PA,B,50,"TRBV29*01:9,TRBV19*01:1,TRBV13-1*01:1","TRBJ2-7*01:3,TRBJ2-1*01:3,TRBJ1-4*01:3"
MOTIF,15,1.08,0.92,179.41333333333333,5,as...a.vF,16,12,80,PA,B,50,TRBV29*01:15,"TRBJ1-5*01:8,TRBJ1-1*01:7"
MOTIF,10,0.56,0.56,159.13142857142853,4,sa.G...F,17,1,70,PA,B,50,"TRBV29*01:9,TRBV19*01:1","TRBJ1-1*01:5,TRBJ2-1*01:2,TRBJ1-4*01:2"
MOTIF,13,1.16,1.12,120.84965517241379,4,as..G...F,18,1,84,PA,B,50,"TRBV29*01:12,TRBV19*01:1","TRBJ2-7*01:3,TRBJ1-4*01:3,TRBJ1-1*01:3"
MOTIF,11,0.96,0.88,105.00166666666665,4,^...S...E...$,19,1,81,PA,B,50,"TRBV29*01:8,TRBV19*01:2,TRBV13-1*01:1","TRBJ2-7*01:6,TRBJ2-1*01:3,TRBJ1-1*01:2"
MOTIF,15,1.96,1.44,86.75591836734694,3,S..aE,20,1,80,PA,B,50,"TRBV29*01:13,TRBV19*01:1,TRBV13-1*01:1","TRBJ2-7*01:3,TRBJ2-1*01:3,TRBJ1-4*01:3"
MOTIF,31,8.64,8.56,57.86685185185184,2,s.......$,21,1,77,PA,B,50,"TRBV29*01:27,TRBV19*01:3,TRBV13-1*01:1","TRBJ2-7*01:8,TRBJ1-5*01:8,TRBJ1-1*01:5"
MOTIF,22,5.08,4.68,56.355590551181116,3,s..G...f,22,21,95,PA,B,50,"TRBV29*01:19,TRBV19*01:3","TRBJ2-7*01:7,TRBJ1-1*01:5,TRBJ1-4*01:3"
MOTIF,20,4.52,2.92,53.01557522123895,2,S.....L,23,9,70,PA,B,50,"TRBV29*01:18,TRBV19*01:1,TRBV14*01:1","TRBJ1-5*01:6,TRBJ2-2*01:4,TRBJ1-4*01:4"
